Title,Description,Priority,Deadline,Status
Finish Project Report,Complete the final report for the project.,High,2025-01-25,Pending
Buy Groceries,Buy groceries for the week including fruits and vegetables.,Medium,2025-01-22,In Progress
Prepare Presentation,Prepare a presentation for tomorrow's meeting.,High,2025-01-21,Pending
Fix Bugs in Code,Fix the bugs reported in the software.,High,2025-01-23,Pending
Clean the House,Clean the living room and kitchen.,Low,2025-01-20,Completed
Write Blog Post,Write a new blog post for the company website.,Medium,2025-01-30,In Progress
Attend Team Meeting,Join the weekly team meeting to discuss progress.,Medium,2025-01-21,Completed
Submit Tax Documents,Submit the required tax documents to the accountant.,High,2025-01-24,Pending
Exercise,Go for a run or do home exercises.,Low,2025-01-22,Completed
Review Code,Review the code submitted by the junior developer.,High,2025-01-23,In Progress
Schedule Doctor's Appointment,Book an appointment with the doctor for next week.,Low,2025-01-27,Pending
Plan Vacation,Start planning the summer vacation, including destinations.,Medium,2025-02-15
Update Resume,Update resume with the latest job experiences and skills.,High,2025-01-28,Pending
Reply to Emails,Respond to all emails that have been flagged.,Medium,2025-01-22,In Progress
Submit Assignment,Complete and submit the university assignment.,High,2025-01-20,Completed
Prepare Financial Report,Prepare the quarterly financial report for the company.,High,2025-01-29,Pending
Organize Files,Organize project files and documents on the computer.,Low,2025-02-01,Pending
Buy New Laptop,Research and buy a new laptop.,Medium,2025-02-10,In Progress
Clean Email Inbox,Delete old emails and organize the inbox.,Low,2025-01-23,Completed
Check Website Analytics,Review the website analytics for the past month.,Medium,2025-01-22,In Progress
Install Software Updates,Install the latest updates on all computers.,High,2025-01-21,In Progress
Send Invitations,Send out invitations for the upcoming event.,Medium,2025-02-05,Pending
Pick Up Prescription,Pick up medication from the pharmacy.,Low,2025-01-22,Completed
Finalize Budget,Finalize the budget for the upcoming month.,High,2025-01-24,Pending
Go to the Gym,Attend a gym session for physical fitness.,Low,2025-01-22,In Progress
Submit Report,Submit the weekly project status report.,High,2025-01-23,Completed
Schedule Interview,Schedule an interview for the open position.,Medium,2025-01-25,Pending
Prepare Monthly Newsletter,Prepare content for the monthly newsletter.,Medium,2025-01-28,In Progress
Go to Doctor,Attend a scheduled doctor's visit.,Low,2025-01-22,Completed
Finalize Marketing Strategy,Finalize the marketing strategy for the new product.,High,2025-02-05,Pending
Test New Features,Test the new features of the product before launch.,High,2025-01-26,In Progress
Create User Guide,Create a user guide for the software.,Medium,2025-01-30,Pending
Review Marketing Material,Review and approve marketing material before publication.,Medium,2025-01-24,Completed
Write Thank You Notes,Write thank you notes for recent gifts received.,Low,2025-01-22,In Progress
Complete Project Milestones,Complete all the milestones for the current project.,High,2025-02-01,Pending
Call Customer Support,Call customer support to resolve a billing issue.,Medium,2025-01-23,Completed
Attend Workshop,Attend a training workshop for professional development.,Medium,2025-01-21,Pending
Arrange Meeting with Client,Schedule a meeting with the client to discuss project scope.,High,2025-01-22,Pending
Prepare for Conference,Prepare materials for the upcoming conference.,High,2025-01-30,In Progress
Submit Job Application,Submit an application for a new job opportunity.,High,2025-01-25,Pending
Test Website Functionality,Test all functionalities of the website for bugs.,High,2025-01-22,In Progress
Set Up Meeting Room,Set up the meeting room for tomorrow's team session.,Low,2025-01-20,Completed
Organize Travel Itinerary,Organize and plan the details for an upcoming trip.,Medium,2025-02-01,Pending
Prepare Tax Filing,Prepare documents and fill out forms for tax filing.,High,2025-01-20,Pending
Update Software,Update all software applications to the latest version.,Medium,2025-01-23,Completed
Clean Out Garage,Organize and clean the garage for better storage.,Low,2025-01-27,Pending
Create Presentation Slides,Create slides for the team meeting presentation.,High,2025-01-21,In Progress
Buy New Shoes,Purchase new running shoes for the upcoming marathon.,Medium,2025-02-01,Pending
Complete Online Course,Complete the online Python programming course.,High,2025-02-10,In Progress
Fix Computer,Resolve issues with the slow computer.,High,2025-01-22,In Progress
Organize Photos,Organize the family photos stored on the computer.,Low,2025-01-23,Completed
Write Daily Journal,Write a journal entry for the day.,Low,2025-01-20,Completed
Check Task List,Review the current task list and adjust priorities.,Medium,2025-01-22,In Progress
Buy New Phone,Research and purchase a new smartphone.,High,2025-02-05,Pending
Review Test Results,Review the results from recent software testing.,Medium,2025-01-23,In Progress
Prepare for Presentation,Prepare slides and talking points for the upcoming conference.,High,2025-01-25,Pending
Create Financial Forecast,Prepare the financial forecast for the next quarter.,High,2025-01-30,In Progress
Complete User Research,Conduct user research for the next product iteration.,Medium,2025-02-01,Pending

